pgs_id,chrom,samples,max_snps,matched_snps,window_snps,windows_per_sample,input_ciphertexts,scheme,backend,repeats,ok_repeats,status,evaluation_seconds_mean,evaluation_seconds_sd,max_abs_error_mean,max_abs_error_sd,he_snp_products_per_second_mean,he_snp_products_per_second_sd,input_ciphertext_mean_bytes_per_sample_mean,input_ciphertext_mean_bytes_per_sample_sd,note
PGS004941,22,32,8192,8192,4096,2,64,CKKS,TenSEAL CKKSVector chunked,3,3,ok,0.801514600015,0.0852153335969,4.87121145039e-06,4.78152303144e-06,329674.339117,36898.0482001,668622.114583,54.6523577564,Chunked CKKS approximate real-valued PRS
PGS004941,22,32,8192,8192,4096,2,64,BFV,TenSEAL BFVVector chunked,3,3,ok,1.79527779999,0.0822295030185,4.89069287521e-06,0,146219.966771,6595.11411866,864916.520833,5.33545896768,Chunked TenSEAL BFV fixed-point PRS dot product
PGS004941,22,32,8192,8192,4096,2,64,BGV,OpenFHE BGVRNS chunked,3,3,ok,14.372235378,0.381234055358,4.89069287521e-06,0,18248.143783,482.504269769,1574826,0,Chunked OpenFHE BGV fixed-point PRS dot product
PGS004941,22,32,16384,16384,4096,4,128,CKKS,TenSEAL CKKSVector chunked,3,3,ok,1.58248470006,0.0634972445714,1.07224922858e-05,1.04208665842e-05,331661.303078,13254.5075661,1337156.76042,68.4141679215,Chunked CKKS approximate real-valued PRS
PGS004941,22,32,16384,16384,4096,4,128,BFV,TenSEAL BFVVector chunked,3,3,ok,3.73182663333,0.0525809495957,8.55290884852e-06,0,140509.688018,1991.13460843,1729860.53125,10.651987784,Chunked TenSEAL BFV fixed-point PRS dot product
PGS004941,22,32,16384,16384,4096,4,128,BGV,OpenFHE BGVRNS chunked,3,3,ok,29.66812979,0.693368387739,8.55290884852e-06,0,17678.2495898,416.691865731,3149652,0,Chunked OpenFHE BGV fixed-point PRS dot product
PGS004941,22,32,32768,32768,4096,8,256,CKKS,TenSEAL CKKSVector chunked,3,3,ok,2.89331926669,0.0593113317523,1.27134378789e-05,1.33317840222e-05,362513.199219,7344.90268965,2674271.13542,44.5499010649,Chunked CKKS approximate real-valued PRS
PGS004941,22,32,32768,32768,4096,8,256,BFV,TenSEAL BFVVector chunked,3,3,ok,7.30226363335,0.215081431548,9.66120461719e-06,0,143678.533277,4202.59713831,3459710.21875,8.44536670311,Chunked TenSEAL BFV fixed-point PRS dot product
PGS004941,22,32,32768,32768,4096,8,256,BGV,OpenFHE BGVRNS chunked,3,3,ok,58.2768687573,1.1076054296,9.66120461719e-06,0,17997.2954499,338.604749065,6299304,0,Chunked OpenFHE BGV fixed-point PRS dot product
PGS004941,22,32,51227,51227,4096,13,416,CKKS,TenSEAL CKKSVector chunked,3,3,ok,5.1658117333,0.456450111936,2.15296605945e-05,4.40591506268e-06,318926.144637,27120.2301904,4345752.27083,148.024314189,Chunked CKKS approximate real-valued PRS
PGS004941,22,32,51227,51227,4096,13,416,BFV,TenSEAL BFVVector chunked,3,3,ok,12.7572471001,0.241828131872,1.03633981744e-05,0,128527.645777,2449.80305753,5622045.8125,8.9414327012,Chunked TenSEAL BFV fixed-point PRS dot product
PGS004941,22,32,51227,51227,4096,13,416,BGV,OpenFHE BGVRNS chunked,3,3,ok,99.8814071367,11.9634840413,1.03633981744e-05,0,16569.1300343,1971.12222669,10236369,0,Chunked OpenFHE BGV fixed-point PRS dot product
