pgs_id,chrom,samples,max_snps,matched_snps,scheme,backend,repeats,ok_repeats,status,note,plain_prs_seconds_mean,plain_prs_seconds_sd,plain_prs_seconds_min,plain_prs_seconds_max,context_seconds_mean,context_seconds_sd,context_seconds_min,context_seconds_max,encryption_seconds_mean,encryption_seconds_sd,encryption_seconds_min,encryption_seconds_max,evaluation_seconds_mean,evaluation_seconds_sd,evaluation_seconds_min,evaluation_seconds_max,decryption_seconds_mean,decryption_seconds_sd,decryption_seconds_min,decryption_seconds_max,serialization_seconds_mean,serialization_seconds_sd,serialization_seconds_min,serialization_seconds_max,total_he_compute_seconds_mean,total_he_compute_seconds_sd,total_he_compute_seconds_min,total_he_compute_seconds_max,max_abs_error_mean,max_abs_error_sd,max_abs_error_min,max_abs_error_max,eval_overhead_ratio_mean,eval_overhead_ratio_sd,eval_overhead_ratio_min,eval_overhead_ratio_max,total_overhead_ratio_mean,total_overhead_ratio_sd,total_overhead_ratio_min,total_overhead_ratio_max,he_samples_per_second_mean,he_samples_per_second_sd,he_samples_per_second_min,he_samples_per_second_max,he_snp_products_per_second_mean,he_snp_products_per_second_sd,he_snp_products_per_second_min,he_snp_products_per_second_max,input_ciphertext_mean_bytes_mean,input_ciphertext_mean_bytes_sd,input_ciphertext_mean_bytes_min,input_ciphertext_mean_bytes_max,result_ciphertext_mean_bytes_mean,result_ciphertext_mean_bytes_sd,result_ciphertext_mean_bytes_min,result_ciphertext_mean_bytes_max,public_context_bytes_mean,public_context_bytes_sd,public_context_bytes_min,public_context_bytes_max,fixed_point_scale_mean,fixed_point_scale_sd,fixed_point_scale_min,fixed_point_scale_max,plain_modulus_mean,plain_modulus_sd,plain_modulus_min,plain_modulus_max,integer_dot_abs_bound_mean,integer_dot_abs_bound_sd,integer_dot_abs_bound_min,integer_dot_abs_bound_max,safe_modulus_margin_mean,safe_modulus_margin_sd,safe_modulus_margin_min,safe_modulus_margin_max
PGS004941,22,32,512,512,BFV,TenSEAL BFVVector,3,3,ok,Integer fixed-point PRS dot product; error includes weight quantization,0.000633566640318,1.55348503764e-06,0.000632299925201,0.000635299948044,0.370048433348,0.00460396511112,0.365281200036,0.374469599919,0.0818814666709,0.00445787943339,0.0767390000401,0.084650099976,0.716112533351,0.019443680726,0.69652509992,0.735409200075,0.0252783999701,0.0026389124943,0.0223119999282,0.0273650999879,0.297501433369,0.0179431483068,0.283152700053,0.3176196001,0.823272399992,0.0209532142456,0.800629199948,0.8419765,1.31247906538e-06,0,1.31247906538e-06,1.31247906538e-06,1130.30447743,31.5274346307,1100.18172079,1163.07019939,1299.43559095,33.5742986236,1264.61718467,1331.60936202,44.7077057901,1.21507729217,43.5131896592,45.9423501087,22890.3453645,622.119573567,22278.7531055,23522.4832556,432461.739583,8.69010377647,432453.8125,432471.03125,432458.78125,10.4807766739,432446.6875,432465.21875,54770656.6667,998.512059683,54769601,54771586,10000000,0,10000000,10000000,2147352577,0,2147352577,2147352577,208532,0,208532,208532,1073467756,0,1073467756,1073467756
PGS004941,22,32,512,512,BGV,not available in TenSEAL 0.3.16,3,0,not_run_backend_unavailable,TenSEAL exposes CKKS and BFV only in this environment; BGV requires another validated backend,,,,,,,,,,,,,,,,,,,,,,,,,,,,,,,,,,,,,,,,,,,,,,,,,,,,,,,,,,,,,,,,,,,,,,,,,,,,
PGS004941,22,32,512,512,CKKS,TenSEAL CKKSVector,3,3,ok,Approximate real-valued PRS dot product,0.000633566640318,1.55348503764e-06,0.000632299925201,0.000635299948044,0.228563333318,0.00879715421566,0.221185500035,0.238299199962,0.0824294000243,0.00613971693873,0.0764202000573,0.0886918000178,0.311915666641,0.00501199169216,0.306143600028,0.315165699925,0.0164904333651,0.00196617766825,0.014231499983,0.0178168000421,0.279071066645,0.00269868157302,0.276462699985,0.281851799926,0.410835500031,0.00594014553492,0.405742800096,0.417360999971,1.6965276245e-06,1.14801373485e-06,4.32412351101e-07,2.6741933732e-06,492.309261736,7.05061551997,484.174657985,496.663522785,648.450572108,9.43789885753,641.693575983,659.233878566,102.609656703,1.66385507738,101.533891561,104.526111266,52536.1442318,851.893799785,51985.3524793,53517.3689684,334285.09375,33.3128371231,334253.90625,334320.1875,235355.583333,11.8866034318,235347.40625,235369.21875,35475326,3591.10999553,35472905,35479452,,,,,,,,,,,,,,,,
PGS004941,22,32,1024,1024,BFV,TenSEAL BFVVector,3,3,ok,Integer fixed-point PRS dot product; error includes weight quantization,0.00111426669173,0.000216312156376,0.000864500063471,0.00124100001995,0.365556900001,0.0126854297839,0.35636710003,0.380030100001,0.081160400024,0.00679467091774,0.0733166000573,0.0852361000143,0.782220833353,0.00951448678455,0.772519799997,0.791537099984,0.0262110000088,0.000283545226425,0.0260451000649,0.0265383999795,0.294294366652,0.00335868576727,0.291895499919,0.298132900032,0.889592233385,0.0112115801077,0.882460600114,0.902515099966,6.46397357323e-07,0,6.46397357323e-07,6.46397357323e-07,721.319081974,149.271627103,630.624969782,893.602941907,820.945817454,174.641237155,711.088304538,1022.32612514,40.9132020945,0.498048055994,40.4276691524,41.4228865074,41895.1189448,510.001209328,41397.9332121,42417.0357836,432472.395833,17.3251683494,432452.4375,432483.5625,432465.177083,2.72831172996,432463.34375,432468.3125,54770577,1107.34682914,54769610,54771785,10000000,0,10000000,10000000,2147352577,0,2147352577,2147352577,492626,0,492626,492626,1073183662,0,1073183662,1073183662
PGS004941,22,32,1024,1024,BGV,not available in TenSEAL 0.3.16,3,0,not_run_backend_unavailable,TenSEAL exposes CKKS and BFV only in this environment; BGV requires another validated backend,,,,,,,,,,,,,,,,,,,,,,,,,,,,,,,,,,,,,,,,,,,,,,,,,,,,,,,,,,,,,,,,,,,,,,,,,,,,
PGS004941,22,32,1024,1024,CKKS,TenSEAL CKKSVector,3,3,ok,Approximate real-valued PRS dot product,0.00111426669173,0.000216312156376,0.000864500063471,0.00124100001995,0.213252566638,0.0189830998567,0.193044399959,0.230710599921,0.0931375332875,0.00245370425274,0.0903043999569,0.0945801999187,0.336844700039,0.00654676303281,0.330001100083,0.343047500006,0.0175032333548,0.000124373294083,0.0173604000593,0.017587600043,0.267727700023,0.00165578313314,0.265950700035,0.269227200071,0.447485466682,0.00669576538475,0.442116700113,0.454988099984,1.99260765851e-06,1.41588697644e-06,6.94392392931e-07,3.50236259026e-06,311.173738211,68.7684669105,266.710662149,390.382273281,413.03635477,88.5597430638,357.323771966,515.155080683,95.0232682877,1.85239111025,93.2815426419,96.9693737141,97303.8267265,1896.84849688,95520.2996653,99296.6386832,334284.6875,41.6221259331,334238.375,334318.96875,235364.166667,6.39078417691,235358.5,235371.09375,35474155.3333,4591.58538343,35469664,35478841,,,,,,,,,,,,,,,,
PGS004941,22,32,2048,2048,BFV,TenSEAL BFVVector,3,3,ok,Integer fixed-point PRS dot product; error includes weight quantization,0.00223566665469,0.00042077788087,0.00175269995816,0.0025231000036,0.338046333326,0.0401822625413,0.303414200083,0.382103299955,0.0888621666236,0.0107429482152,0.0817372000311,0.101218799944,0.820842600001,0.0668402279967,0.781700100051,0.898020399967,0.0240556000111,0.0023484377211,0.0223841000115,0.0267406000057,0.328473466681,0.0225734507643,0.302409399999,0.341748400009,0.933760366636,0.0798676358892,0.886928600026,1.02597979992,2.15709410531e-06,0,2.15709410531e-06,2.15709410531e-06,375.209045783,68.0586644579,310.256152696,445.997671428,426.796139319,77.7788194216,351.523363624,506.859543088,39.1496216052,3.04481208551,35.6339343752,40.9364153822,80178.4250474,6235.77515116,72978.2976004,83837.7787027,432453.041667,19.250236741,432440.3125,432475.1875,432467.666667,7.46255845175,432459.375,432473.84375,54770081.3333,364.329978637,54769867,54770502,10000000,0,10000000,10000000,2147352577,0,2147352577,2147352577,983126,0,983126,983126,1072693162,0,1072693162,1072693162
PGS004941,22,32,2048,2048,BGV,not available in TenSEAL 0.3.16,3,0,not_run_backend_unavailable,TenSEAL exposes CKKS and BFV only in this environment; BGV requires another validated backend,,,,,,,,,,,,,,,,,,,,,,,,,,,,,,,,,,,,,,,,,,,,,,,,,,,,,,,,,,,,,,,,,,,,,,,,,,,,
PGS004941,22,32,2048,2048,CKKS,TenSEAL CKKSVector,3,3,ok,Approximate real-valued PRS dot product,0.00223566665469,0.00042077788087,0.00175269995816,0.0025231000036,0.21072376663,0.0268852272593,0.181172700017,0.233737399918,0.0916380666895,0.00737683354109,0.0837055000011,0.0982920000097,0.360652200024,0.0258431039059,0.330842600088,0.376743100001,0.0166996332894,0.001454196526,0.0150241999654,0.0176341999322,0.280605833318,0.0123774863919,0.266571699991,0.289964800002,0.468989900003,0.0343449466872,0.429572300054,0.492475599982,1.43325804766e-06,3.59887465372e-07,1.08946069381e-06,1.80732379002e-06,164.02176277,21.5521836079,149.317545664,188.761686532,213.245420978,27.662285624,195.18671447,245.091750048,89.0459923752,6.65369534193,84.9385164582,96.7227315694,182366.192384,13626.7680602,173954.081706,198088.154254,334299.270833,35.7161981445,334260.78125,334331.34375,235358.604167,3.91740075124,235354.09375,235361.15625,35476934.3333,1116.43017396,35475672,35477792,,,,,,,,,,,,,,,,
PGS004941,22,32,4096,4096,BFV,TenSEAL BFVVector,3,3,ok,Integer fixed-point PRS dot product; error includes weight quantization,0.00375316664577,0.000394997106788,0.00346439995337,0.00420329999179,0.315767099964,0.0071070145678,0.310947199934,0.323929099948,0.0966156333452,0.00124790468753,0.0955217999872,0.0979749000398,0.837126166676,0.0202953475367,0.819447700051,0.85928850004,0.0212829666367,0.00146634058242,0.0203406999353,0.022972399951,0.331986633362,0.00838895117083,0.32637210004,0.341630000039,0.955024766658,0.0229616145921,0.935310199973,0.980235800031,3.14390450882e-06,0,3.14390450882e-06,3.14390450882e-06,224.306109136,18.2603163553,204.431875364,240.342429034,255.896458183,20.8067424676,233.206243177,274.081605112,38.2408911929,0.920274257718,37.2401120212,39.0506923114,156634.690326,3769.44335974,152535.498839,159951.635708,432476.875,7.7491809043,432470.34375,432485.4375,432463.229167,8.42645882523,432457.8125,432472.9375,54770244.3333,1936.07265704,54768009,54771391,10000000,0,10000000,10000000,2147352577,0,2147352577,2147352577,2277680,0,2277680,2277680,1071398608,0,1071398608,1071398608
PGS004941,22,32,4096,4096,BGV,not available in TenSEAL 0.3.16,3,0,not_run_backend_unavailable,TenSEAL exposes CKKS and BFV only in this environment; BGV requires another validated backend,,,,,,,,,,,,,,,,,,,,,,,,,,,,,,,,,,,,,,,,,,,,,,,,,,,,,,,,,,,,,,,,,,,,,,,,,,,,
PGS004941,22,32,4096,4096,CKKS,TenSEAL CKKSVector,3,3,ok,Approximate real-valued PRS dot product,0.00375316664577,0.000394997106788,0.00346439995337,0.00420329999179,0.183745699973,0.00289199454304,0.181001599994,0.186765799997,0.0979804000041,0.0035056579541,0.0942104000133,0.101142099942,0.363872266646,0.0120216550779,0.350734599982,0.37432329997,0.0156817667109,0.00140132838068,0.0145302000456,0.017242000089,0.273211199984,0.00565654724616,0.266723599983,0.277110600029,0.477534433361,0.00757499741687,0.469118700013,0.483806799981,2.92623652523e-06,9.05445089454e-08,2.84351680933e-06,3.02297141863e-06,97.55437439,9.08347782904,87.207408632,104.216075725,128.076055388,12.0921402941,114.119335053,135.411241868,88.0076871557,2.93963604672,85.4875985615,91.2370778406,360479.48659,12040.7492472,350157.203708,373707.070835,334291.666667,9.63424542431,334283.40625,334302.25,235358.427083,3.35996845533,235355.03125,235361.75,35478789.3333,6695.76585114,35473049,35486145,,,,,,,,,,,,,,,,
